,P_LRMS_QUEUING,P_LRMS_RUNNING,P_LRMS_SUBMITTING,P_PMGR_QUEUING,P_PMGR_SCHEDULING,experiment,hid,ncore,nunit,pid,sid
0,170.727999926,300.995700121,20.9700000286,0.00139999389648,0.0994999408722,exp1,smic229.204.90.41.229,4,4,pilot.0000,rp.session.one.mturilli.017238.0010
1,216.466599941,995.498500109,19.6735999584,0.00149989128113,0.583000183105,exp1,smic160.204.90.41.160,1024,1024,pilot.0000,rp.session.one.mturilli.017238.0011
2,214.296300173,802.345099926,20.464099884,0.00130009651184,0.566200017929,exp1,smic033.204.90.41.33,1024,1024,pilot.0000,rp.session.one.mturilli.017238.0012
3,318.870500088,1494.01069999,18.3659999371,0.00119996070862,0.100900173187,exp1,smic033.204.90.41.33,1024,1024,pilot.0000,rp.session.one.mturilli.017238.0013
4,260.342900038,1201.34910011,20.1052999496,0.000900030136108,0.10019993782,exp1,smic006.204.90.41.6,1024,1024,pilot.0000,rp.session.one.mturilli.017238.0014
5,200.182100058,1101.42000008,21.8432998657,0.0012001991272,0.576200008392,exp1,smic006.204.90.41.6,1024,1024,pilot.0000,rp.session.one.mturilli.017238.0017
6,330.700699806,1301.93220019,33.8407001495,0.000900030136108,0.100799798965,exp1,smic006.204.90.41.6,1024,1024,pilot.0000,rp.session.one.mturilli.017238.0018
