,P_LRMS_QUEUING,P_LRMS_RUNNING,P_LRMS_SUBMITTING,P_PMGR_QUEUING,P_PMGR_SCHEDULING,experiment,hid,ncore,nunit,pid,sid
0,170.727999926,300.995700121,20.9700000286,0.00139999389648,0.0994999408722,exp1,smic229.204.90.41.229,4,4,pilot.0000,rp.session.one.mturilli.017238.0010
1,216.466599941,995.498500109,19.6735999584,0.00149989128113,0.583000183105,exp1,smic160.204.90.41.160,1024,1024,pilot.0000,rp.session.one.mturilli.017238.0011
2,214.296300173,802.345099926,20.464099884,0.00130009651184,0.566200017929,exp1,smic033.204.90.41.33,1024,1024,pilot.0000,rp.session.one.mturilli.017238.0012
3,318.870500088,1494.01069999,18.3659999371,0.00119996070862,0.100900173187,exp1,smic033.204.90.41.33,1024,1024,pilot.0000,rp.session.one.mturilli.017238.0013
