,P_LRMS_QUEUING,P_LRMS_RUNNING,P_LRMS_SUBMITTING,P_PMGR_QUEUING,P_PMGR_SCHEDULING,TTC,U_AGENT_EXECUTING,U_AGENT_QUEUING,U_AGENT_QUEUING_EXEC,U_AGENT_SCHEDULING,U_UMGR_BINDING,U_UMGR_SCHEDULING,experiment,ncore,ncore_active,nhost,npilot,npilot_active,nunit,nunit_done,nunit_failed,sid
rp.session.one.mturilli.017238.0010,170.727999926,300.995700121,20.9700000286,0.00139999389648,0.0994999408722,498.778700113,192.78219986,0.00179982185364,0.0253999233246,0.00310015678406,0.00149989128113,0.103600025177,exp1,4,4,1,1,1,4,4,0,rp.session.one.mturilli.017238.0010
rp.session.one.mturilli.017238.0011,216.466599941,995.498500109,19.6735999584,0.00149989128113,0.583000183105,1239.13040018,703.629699945,0.196500062943,9.2673997879,1.27929997444,0.1617000103,2.39620018005,exp1,1024,1024,1,1,1,1024,1004,20,rp.session.one.mturilli.017238.0011
rp.session.one.mturilli.017238.0012,214.296300173,802.345099926,20.464099884,0.00130009651184,0.566200017929,1071.78519988,703.481500149,0.197300195694,9.1208999157,1.29559993744,0.171700000763,2.39499998093,exp1,1024,1024,1,1,1,1024,1004,20,rp.session.one.mturilli.017238.0012
