,U_AGENT_EXECUTING,U_AGENT_QUEUING,U_AGENT_QUEUING_EXEC,U_AGENT_SCHEDULING,U_UMGR_BINDING,U_UMGR_SCHEDULING,experiment,hid,pid,sid,uid
0,192.756900072,0.00179982185364,0.023099899292,0.00310015678406,0.00149989128113,0.103600025177,exp1,smic229.204.90.41.229,pilot.0000,rp.session.one.mturilli.017238.0010,unit.000000
1,192.780799866,0.00179982185364,0.000900030136108,0.000800132751465,0.00149989128113,0.102600097656,exp1,smic229.204.90.41.229,pilot.0000,rp.session.one.mturilli.017238.0010,unit.000001
2,191.769800186,0.00179982185364,0.00919985771179,0.00150012969971,0.00149989128113,0.101599931717,exp1,smic229.204.90.41.229,pilot.0000,rp.session.one.mturilli.017238.0010,unit.000002
3,192.765399933,0.00179982185364,0.0162000656128,0.00230002403259,0.00149989128113,0.100699901581,exp1,smic229.204.90.41.229,pilot.0000,rp.session.one.mturilli.017238.0010,unit.000003
